URL,Title,Meta description,Canonical,H1,Words,JSON-LD types,hreflang links,Issues
"/","AI voice agents for eye care | Optavius","AI voice agents for eye-care providers that answer questions, schedule appointments and handle routine requests, 24/7.","https://www.optavius.com/","Every patient call answered. Every opportunity captured.","1334","Organization|WebSite|WebPage|Person|Service|SoftwareApplication","0",""
"/_not-found/","AI voice agents for eye care | Optavius","AI voice agents for eye-care providers that answer questions, schedule appointments and handle routine requests, 24/7.","","404","22","","0","canonical missing != https://www.optavius.com/_not-found/; noindex"
"/404/","AI voice agents for eye care | Optavius","AI voice agents for eye-care providers that answer questions, schedule appointments and handle routine requests, 24/7.","","404","22","","0","canonical missing != https://www.optavius.com/404/; noindex"
"/about/","About | Optavius","Optavius reduces friction in specialty care: for patients, for staff and for clinicians.","https://www.optavius.com/about/","Who we are and why we&#x27;re here.","386","Organization|WebSite|WebPage|Person|BreadcrumbList","0",""
"/careers/","Careers | Optavius","Help specialty care answer every call. Open roles at Optavius.","https://www.optavius.com/careers/","Hi, we&#x27;re Optavius. We&#x27;d love for you to join us.","244","Organization|WebSite|WebPage|Person|BreadcrumbList","0",""
"/cookies/","Cookie Policy | Optavius","How optavius.com uses cookies and similar technologies, what is set only with your consent, and how to change your choice.","https://www.optavius.com/cookies/","Cookie Policy","307","Organization|WebSite|WebPage|Person|BreadcrumbList","0",""
"/customers/","Customer stories | Optavius","Practices that answer every call, in their own words.","https://www.optavius.com/customers/","Our customers in their own words","224","Organization|WebSite|WebPage|Person|BreadcrumbList","0",""
"/customers/cubitts/","Cubitts | Optavius","How Cubitts took order status and reorder calls off the shop floor.","https://www.optavius.com/customers/cubitts/","Order status and reorders, handled before the shop opens.","263","Organization|WebSite|WebPage|Person|BreadcrumbList","0",""
"/customers/north-texas-eye-specialists/","North Texas Eye Specialists | Optavius","How a Texas ophthalmology group stopped losing after-hours callers.","https://www.optavius.com/customers/north-texas-eye-specialists/","Answering every after-hours call across a multi-location group.","264","Organization|WebSite|WebPage|Person|BreadcrumbList","0",""
"/customers/omc-amstelland/","OMC Amstelland | Optavius","How OMC Amstelland went from 30% missed calls to none in the first month.","https://www.optavius.com/customers/omc-amstelland/","From 30% missed calls to none, in the first month.","336","Organization|WebSite|WebPage|Person|BreadcrumbList","0",""
"/de/","KI-Sprachagenten für die Augenheilkunde | Optavius","KI-Sprachagenten für Augenärzte und Augenoptiker, die Fragen beantworten, Termine vereinbaren und Routineanfragen erledigen, rund um die Uhr.","https://www.optavius.com/de/","Jeder Patientenanruf beantwortet. Jede Chance genutzt.","1322","Organization|WebSite|WebPage|Person|Service|SoftwareApplication","0",""
"/de/about/","Über uns | Optavius","Optavius nimmt Reibung aus der fachärztlichen Versorgung: für Patienten, für Personal und für Ärzte.","https://www.optavius.com/de/about/","Wer wir sind und warum wir hier sind.","353","Organization|WebSite|WebPage|Person|BreadcrumbList","0",""
"/de/careers/","Karriere | Optavius","Helfen Sie Facharztpraxen, jeden Anruf zu beantworten. Offene Stellen bei Optavius.","https://www.optavius.com/de/careers/","Hallo, wir sind Optavius. Wir freuen uns auf dich.","243","Organization|WebSite|WebPage|Person|BreadcrumbList","0",""
"/de/cookies/","Cookie-Richtlinie | Optavius","Wie optavius.com Cookies und ähnliche Technologien nutzt, was nur mit Ihrer Einwilligung gesetzt wird und wie Sie Ihre Wahl ändern.","https://www.optavius.com/de/cookies/","Cookie-Richtlinie","282","Organization|WebSite|WebPage|Person|BreadcrumbList","0",""
"/de/customers/","Kundengeschichten | Optavius","Praxen, die jeden Anruf beantworten, in ihren eigenen Worten.","https://www.optavius.com/de/customers/","Unsere Kunden in ihren eigenen Worten","210","Organization|WebSite|WebPage|Person|BreadcrumbList","0",""
"/de/customers/cubitts/","Cubitts | Optavius","Wie Cubitts Statusanfragen und Nachbestellungen von der Verkaufsfläche holte.","https://www.optavius.com/de/customers/cubitts/","Bestellstatus und Nachbestellungen, erledigt bevor das Geschäft öffnet.","250","Organization|WebSite|WebPage|Person|BreadcrumbList","0",""
"/de/customers/north-texas-eye-specialists/","North Texas Eye Specialists | Optavius","Wie eine Augenarztgruppe in Texas aufhörte, Anrufer außerhalb der Sprechzeiten zu verlieren.","https://www.optavius.com/de/customers/north-texas-eye-specialists/","Jeder Anruf außerhalb der Sprechzeiten beantwortet, an allen Standorten der Gruppe.","252","Organization|WebSite|WebPage|Person|BreadcrumbList","0",""
"/de/customers/omc-amstelland/","OMC Amstelland | Optavius","Wie OMC Amstelland im ersten Monat von 30 % verpassten Anrufen auf null kam.","https://www.optavius.com/de/customers/omc-amstelland/","Von 30 % verpassten Anrufen auf null, im ersten Monat.","316","Organization|WebSite|WebPage|Person|BreadcrumbList","0",""
"/de/demo/","Demo buchen | Optavius","Wählen Sie einen Termin mit einem Gründer und hören Sie, wie Optavius einen Anruf für Ihre Praxis annimmt. Unverbindlich.","https://www.optavius.com/de/demo/","Wählen Sie einen Termin mit einem Gründer.","58","Organization|WebSite|WebPage|Person|BreadcrumbList","0",""
"/de/pricing/","Preise | Optavius","Ergebnisbasierte Preise für KI-Sprachagenten. Ab 279 € pro Monat. Liefert Optavius keine Ergebnisse, zahlen Sie nichts.","https://www.optavius.com/de/pricing/","Preise, die den Ergebnissen folgen","394","Organization|WebSite|WebPage|Person|BreadcrumbList|FAQPage|Service|SoftwareApplication","0",""
"/de/privacy/","Datenschutzerklärung | Optavius","KI-Sprachagenten für Augenheilkunde und Facharztpraxen. Jeder Patientenanruf beantwortet, jeder Termin gebucht, rund um die Uhr.","https://www.optavius.com/de/privacy/","Datenschutzerklärung","1245","Organization|WebSite|WebPage|Person|BreadcrumbList","0",""
"/de/product/","Produktübersicht | Optavius","KI-Sprachagenten, die jeden Anruf beantworten, Termine buchen und eskalieren, was zählt. Sprache zuerst, mit jedem Kanal in einer Konsole.","https://www.optavius.com/de/product/","Optavius kennenlernen","909","Organization|WebSite|WebPage|Person|BreadcrumbList|FAQPage|Service|SoftwareApplication","0",""
"/de/product/agents/","Agenten | Optavius","Stellen Sie KI-Agenten für Empfang, Bestellstatus, Recall, No-Show-Rückgewinnung und mehr ein. Eine Aufgabe, ein Preis, ein Dashboard.","https://www.optavius.com/de/product/agents/","Agenten","798","Organization|WebSite|WebPage|Person|BreadcrumbList|FAQPage|Service|SoftwareApplication","0",""
"/de/product/ask-optavius/","Ask Optavius | Optavius","Verbinden Sie Kalender, Anrufprotokoll und Dokumente und fragen Sie alles zu Ihrer eigenen Praxis. 90 Tage kostenlos, bei jedem aktiven Agenten inklusive.","https://www.optavius.com/de/product/ask-optavius/","Ask Optavius","616","Organization|WebSite|WebPage|Person|BreadcrumbList|FAQPage|Service|SoftwareApplication","0",""
"/de/product/console/","Konsole | Optavius","Die Optavius-Konsole: das Morgenbriefing, was Sie braucht, jeder Anruf und jede Buchung, und eine Befehlszeile, die einfache Sprache versteht.","https://www.optavius.com/de/product/console/","Konsole","721","Organization|WebSite|WebPage|Person|BreadcrumbList|FAQPage|Service|SoftwareApplication","0",""
"/de/product/integrations/","Integrationen | Optavius","Optavius funktioniert mit Ihrer Telefonanlage, Ihrem Kalender, Ihrem Praxisverwaltungssystem und Ihrer Patientenakte. Standalone starten, verbinden, wenn Sie bereit sind.","https://www.optavius.com/de/product/integrations/","Integrationen","666","Organization|WebSite|WebPage|Person|BreadcrumbList|FAQPage|Service|SoftwareApplication","0",""
"/de/resources/","Ressourcen | Optavius","Leitfäden, Vergleiche und Kundengeschichten zu KI-Sprachagenten für Facharztpraxen.","https://www.optavius.com/de/resources/","Ressourcen","628","Organization|WebSite|WebPage|Person|BreadcrumbList","0",""
"/de/resources/ai-ophthalmology-guide/","KI in der Augenheilkunde: Der vollständige Leitfaden (2026) | Optavius","Umfassender Leitfaden zu künstlicher Intelligenz in der Augenheilkunde. Behandelt KI-Anwendungen in Patientenkommunikation, OP-Planung, Diagnostik und Praxismanagement für die Augenheilkunde.","https://www.optavius.com/de/resources/ai-ophthalmology-guide/","KI in der Augenheilkunde: Der vollständige Leitfaden (2026)","743","Organization|WebSite|WebPage|Person|BreadcrumbList|Article","0",""
"/de/resources/ai-optometry-guide/","KI in der Optometrie: Der vollständige Leitfaden (2026) | Optavius","Umfassender Leitfaden zu künstlicher Intelligenz in der Optometrie. Erfahren Sie, wie KI Patientenkommunikation, Terminplanung, Aufnahme und Praxismanagement für Optometrie-Praxen verändert.","https://www.optavius.com/de/resources/ai-optometry-guide/","KI in der Optometrie: Der vollständige Leitfaden (2026)","766","Organization|WebSite|WebPage|Person|BreadcrumbList|Article","0",""
"/de/resources/ai-receptionist-optometry/","Was ist ein KI-Empfangsassistent für die Optometrie? | Optavius","Ein KI-Empfangsassistent für die Optometrie ist ein virtueller Assistent für den Empfang, der Patientenanrufe, Terminplanung und Anfragen mit künstlicher Intelligenz bearbeitet. Erfahren Sie, wie er in Augenarztpraxen funktioniert.","https://www.optavius.com/de/resources/ai-receptionist-optometry/","Was ist ein KI-Empfangsassistent für die Optometrie?","721","Organization|WebSite|WebPage|Person|BreadcrumbList|Article","0",""
"/de/resources/ai-voice-agent-eye-care/","Was ist ein KI-Sprachassistent für die Augenheilkunde? | Optavius","Ein KI-Sprachassistent für die Augenheilkunde ist ein automatisiertes Telefonsystem, das Patientenanrufe in Optometrie-Praxen und Augenarztpraxen mit natürlicher Sprachverarbeitung bearbeitet. Erfahren Sie, wie er funktioniert, welche Funktionen er bietet und welche Vorteile er bringt.","https://www.optavius.com/de/resources/ai-voice-agent-eye-care/","Was ist ein KI-Sprachassistent für die Augenheilkunde?","814","Organization|WebSite|WebPage|Person|BreadcrumbList|Article","0",""
"/de/resources/ai-voice-agent-oogkliniek/","Warum Augenkliniken in den Niederlanden KI-Voice-Agents für die Patientenkommunikation einsetzen | Optavius","Niederländische Augenkliniken setzen KI-Voice-Agents für Erreichbarkeit rund um die Uhr, Integration mit der Patientenakte und weniger Druck am Empfang ein. Erfahren Sie, wie sich die Patientenkommunikation strukturell verbessert.","https://www.optavius.com/de/resources/ai-voice-agent-oogkliniek/","Warum Augenkliniken in den Niederlanden KI-Voice-Agents für die Patientenkommunikation einsetzen","814","Organization|WebSite|WebPage|Person|BreadcrumbList|Article","0",""
"/de/resources/ai-voice-agents-optometry-comparison/","KI-Sprachassistenten für die Optometrie: Vergleichsleitfaden 2026 | Optavius","Vergleichen Sie KI-Sprachassistenten für Optometrie-Praxen im Jahr 2026. Direkter Vergleich von Optavius, generischer KI, Telefonservices und weiteren Lösungen für Augenkliniken.","https://www.optavius.com/de/resources/ai-voice-agents-optometry-comparison/","KI-Sprachassistenten für die Optometrie: Vergleichsleitfaden 2026","711","Organization|WebSite|WebPage|Person|BreadcrumbList|Article","0",""
"/de/resources/automated-patient-intake-optometry/","Was ist die automatisierte Patientenaufnahme für die Optometrie? | Optavius","Die automatisierte Patientenaufnahme für die Optometrie ersetzt manuellen Papierkram durch KI Datenerfassung im Gespräch. Erfahren Sie, wie sie funktioniert, welche Vorteile sie bietet und wie Sie die richtige Lösung wählen.","https://www.optavius.com/de/resources/automated-patient-intake-optometry/","Was ist die automatisierte Patientenaufnahme für die Optometrie?","697","Organization|WebSite|WebPage|Person|BreadcrumbList|Article","0",""
"/de/resources/best-ai-tools-eye-clinics/","Die besten KI-Tools für Augenkliniken 2026 | Optavius","Umfassender Leitfaden zu den besten KI-Tools für Augenkliniken im Jahr 2026. Vergleich von KI-Sprachassistenten, Terminplanungs-Tools, Aufnahme-Automatisierung und Praxismanagement-KI für Optometrie und Augenheilkunde.","https://www.optavius.com/de/resources/best-ai-tools-eye-clinics/","Die besten KI-Tools für Augenkliniken 2026","706","Organization|WebSite|WebPage|Person|BreadcrumbList|Article","0",""
"/de/resources/clinical-triage-best-practices/","Best Practices für die klinische Triage in Gruppen mit mehreren Standorten | Optavius","Wie Sie die telefonische Triage über mehrere Augenversorgungsstandorte hinweg standardisieren und dabei lokale Flexibilität, klinische Verantwortung und einen vollständigen Prüfpfad bewahren.","https://www.optavius.com/de/resources/clinical-triage-best-practices/","Best Practices für die klinische Triage in Gruppen mit mehreren Standorten","460","Organization|WebSite|WebPage|Person|BreadcrumbList|Article","0",""
"/de/resources/future-of-patient-intake/","Die Zukunft der Patientenaufnahme in der Augenheilkunde | Optavius","Wie KI Automatisierung den Anfang der augenärztlichen Versorgung verändert, vom ersten Anruf bis zu dem Moment, in dem der Patient im Untersuchungsstuhl sitzt.","https://www.optavius.com/de/resources/future-of-patient-intake/","Die Zukunft der Patientenaufnahme in der Augenheilkunde","466","Organization|WebSite|WebPage|Person|BreadcrumbList|Article","0",""
"/de/resources/omc-amstelland/","OMC Amstelland: von 30 % verpassten Anrufen auf null im ersten Monat | Optavius","Wie eine Augenklinik mit zwei Standorten in der Nähe von Amsterdam Optavius auf ihrer bestehenden Telefonnummer einsetzte und keine Patienten mehr an die Mailbox verlor. Ergebnisse aus 8.420 eingehenden Anrufen im Mai und Juni 2026.","https://www.optavius.com/de/resources/omc-amstelland/","OMC Amstelland: von 30 % verpassten Anrufen auf null im ersten Monat","498","Organization|WebSite|WebPage|Person|BreadcrumbList|Article","0",""
"/de/resources/optavius-vs-answering-services/","Optavius vs. Telefonservices für Augenkliniken | Optavius","Vergleichen Sie den KI-Sprachassistenten von Optavius mit klassischen Telefonservices für Optometrie-Praxen und Augenarztpraxen. Erfahren Sie, welche Lösung Patientenanrufe, Terminbuchung und Triage besser bewältigt.","https://www.optavius.com/de/resources/optavius-vs-answering-services/","Optavius vs. Telefonservices für Augenkliniken","791","Organization|WebSite|WebPage|Person|BreadcrumbList|Article","0",""
"/de/resources/optavius-vs-emitrr/","Optavius vs. Emitrr für Augenkliniken | Optavius","Vergleichen Sie Optavius und Emitrr für Optometrie-Praxen und Augenarztpraxen. Erfahren Sie, wie sich ein speziell für die Augenheilkunde entwickelter KI-Sprachassistent von einer allgemeinen Kommunikationsplattform für das Gesundheitswesen unterscheidet.","https://www.optavius.com/de/resources/optavius-vs-emitrr/","Optavius vs. Emitrr für Augenkliniken","656","Organization|WebSite|WebPage|Person|BreadcrumbList|Article","0",""
"/de/resources/optavius-vs-generic-ai/","Optavius vs. generische KI-Sprachassistenten für die Augenheilkunde | Optavius","Vergleichen Sie den auf die Augenheilkunde spezialisierten KI-Sprachassistenten von Optavius mit generischen KI-Lösungen. Erfahren Sie, warum Optometrie-Praxen und Augenarztpraxen spezialisierte klinische KI für Patientenanrufe brauchen.","https://www.optavius.com/de/resources/optavius-vs-generic-ai/","Optavius vs. generische KI-Sprachassistenten für die Augenheilkunde","739","Organization|WebSite|WebPage|Person|BreadcrumbList|Article","0",""
"/de/resources/optavius-vs-healow-genie/","Optavius vs. healow Genie für die Augenheilkunde | Optavius","Vergleichen Sie Optavius und healow Genie für Optometrie-Praxen und Augenarztpraxen. Erfahren Sie, wie sich ein dedizierter KI-Sprachassistent für die Augenheilkunde vom virtuellen Assistenten von eClinicalWorks unterscheidet.","https://www.optavius.com/de/resources/optavius-vs-healow-genie/","Optavius vs. healow Genie für die Augenheilkunde","721","Organization|WebSite|WebPage|Person|BreadcrumbList|Article","0",""
"/de/resources/reducing-call-burden/","Telefonbelastung senken, ohne an Qualität zu verlieren | Optavius","Strategien für Optikerketten und Augenversorgungsgruppen mit mehreren Standorten, um wachsende Anrufvolumen zu bewältigen, ohne Personal aufzustocken oder den Standard des Patientenkontakts zu senken.","https://www.optavius.com/de/resources/reducing-call-burden/","Telefonbelastung senken, ohne an Qualität zu verlieren","396","Organization|WebSite|WebPage|Person|BreadcrumbList|Article","0",""
"/de/safety-compliance/","Sicherheit und Compliance | Optavius","Optavius ist für Verantwortlichkeit im Gesundheitswesen gebaut: vollständige Audit-Trails, Eskalationsprotokolle, HIPAA-, SOC-1- und DSGVO-konforme Datenverarbeitung und klinische Governance by Design.","https://www.optavius.com/de/safety-compliance/","Sicherheit und Compliance","464","Organization|WebSite|WebPage|Person|BreadcrumbList","0",""
"/de/specialties/","Fachgebiete | Optavius","KI-Sprachagenten für Augenheilkunde, Optometrie, Dermatologie und Tierarztpraxen.","https://www.optavius.com/de/specialties/","Ihr Sprachagent für Facharztpraxen.","109","Organization|WebSite|WebPage|Person|BreadcrumbList","0",""
"/de/specialties/dermatology/","Dermatologie | Optavius","KI-Sprachagenten für Hautarztpraxen. Jeden Anruf beantworten, Beratungen und Kontrollen buchen und dringende Hautbefunde nach Protokoll weiterleiten.","https://www.optavius.com/de/specialties/dermatology/","Dermatologie","765","Organization|WebSite|WebPage|Person|BreadcrumbList|FAQPage","0",""
"/de/specialties/ophthalmology/","Augenheilkunde | Optavius","KI-Sprachagenten für Augenarztpraxen. Jeden Anruf beantworten, den richtigen Termin buchen und Warnsymptome nach Protokoll eskalieren.","https://www.optavius.com/de/specialties/ophthalmology/","Augenheilkunde","817","Organization|WebSite|WebPage|Person|BreadcrumbList|FAQPage","0",""
"/de/specialties/optometry/","Optometrie | Optavius","KI-Sprachagenten für Optometristen und Augenoptiker. Sehtests buchen, Bestellstatus beantworten und Kontaktlinsen telefonisch nachbestellen.","https://www.optavius.com/de/specialties/optometry/","Optometrie","769","Organization|WebSite|WebPage|Person|BreadcrumbList|FAQPage","0",""
"/de/specialties/veterinary/","Tiermedizin | Optavius","KI-Sprachagenten für Tierarztpraxen. Jeden Anruf beantworten, Sprechstunden und Impfungen buchen und Notfälle an Ihr Team leiten.","https://www.optavius.com/de/specialties/veterinary/","Tiermedizin","750","Organization|WebSite|WebPage|Person|BreadcrumbList|FAQPage","0",""
"/de/terms/","Allgemeine Geschäftsbedingungen | Optavius","KI-Sprachagenten für Augenheilkunde und Facharztpraxen. Jeder Patientenanruf beantwortet, jeder Termin gebucht, rund um die Uhr.","https://www.optavius.com/de/terms/","Allgemeine Geschäftsbedingungen","1591","Organization|WebSite|WebPage|Person|BreadcrumbList","0",""
"/demo/","Book a demo | Optavius","Pick a time with a founder and hear Optavius take a call for your practice. No obligations.","https://www.optavius.com/demo/","Pick a time with a founder.","55","Organization|WebSite|WebPage|Person|BreadcrumbList","0",""
"/nl/","AI voice agents voor oogzorg | Optavius","AI voice agents voor oogzorgaanbieders die vragen beantwoorden, afspraken inplannen en routineverzoeken afhandelen, 24/7.","https://www.optavius.com/nl/","Elk belletje beantwoord. Elke kans benut.","1381","Organization|WebSite|WebPage|Person|Service|SoftwareApplication","0",""
"/nl/about/","Over ons | Optavius","Optavius vermindert wrijving in specialistische zorg: voor patiënten, voor medewerkers en voor artsen.","https://www.optavius.com/nl/about/","Wie we zijn en waarom we hier zijn.","367","Organization|WebSite|WebPage|Person|BreadcrumbList","0",""
"/nl/careers/","Werken bij | Optavius","Help specialistische zorg elke oproep te beantwoorden. Vacatures bij Optavius.","https://www.optavius.com/nl/careers/","Hoi, wij zijn Optavius. We zien je graag komen.","246","Organization|WebSite|WebPage|Person|BreadcrumbList","0",""
"/nl/cookies/","Cookiebeleid | Optavius","Hoe optavius.com cookies en vergelijkbare technieken gebruikt, wat alleen met uw toestemming wordt geplaatst en hoe u uw keuze aanpast.","https://www.optavius.com/nl/cookies/","Cookiebeleid","292","Organization|WebSite|WebPage|Person|BreadcrumbList","0",""
"/nl/customers/","Klantverhalen | Optavius","Praktijken die elke oproep beantwoorden, in hun eigen woorden.","https://www.optavius.com/nl/customers/","Onze klanten in hun eigen woorden","211","Organization|WebSite|WebPage|Person|BreadcrumbList","0",""
"/nl/customers/cubitts/","Cubitts | Optavius","Hoe Cubitts statusvragen en nabestellingen van de winkelvloer haalde.","https://www.optavius.com/nl/customers/cubitts/","Bestelstatus en nabestellingen, afgehandeld voordat de winkel opengaat.","255","Organization|WebSite|WebPage|Person|BreadcrumbList","0",""
"/nl/customers/north-texas-eye-specialists/","North Texas Eye Specialists | Optavius","Hoe een oogheelkundige groep in Texas stopte met het verliezen van bellers buiten kantooruren.","https://www.optavius.com/nl/customers/north-texas-eye-specialists/","Elke oproep buiten kantooruren beantwoord, op alle locaties van de groep.","254","Organization|WebSite|WebPage|Person|BreadcrumbList","0",""
"/nl/customers/omc-amstelland/","OMC Amstelland | Optavius","Hoe OMC Amstelland in de eerste maand van 30% gemiste oproepen naar nul ging.","https://www.optavius.com/nl/customers/omc-amstelland/","Van 30% gemiste oproepen naar nul, in de eerste maand.","323","Organization|WebSite|WebPage|Person|BreadcrumbList","0",""
"/nl/demo/","Demo plannen | Optavius","Kies een moment met een oprichter en hoor Optavius een gesprek voeren voor uw praktijk. Vrijblijvend.","https://www.optavius.com/nl/demo/","Kies een moment met een oprichter.","53","Organization|WebSite|WebPage|Person|BreadcrumbList","0",""
"/nl/pricing/","Prijzen | Optavius","Resultaatgerichte prijzen voor AI-spraakagenten. Vanaf €279 per maand. Levert Optavius geen resultaat, dan betaalt u niets.","https://www.optavius.com/nl/pricing/","Prijzen die de resultaten volgen","386","Organization|WebSite|WebPage|Person|BreadcrumbList|FAQPage|Service|SoftwareApplication","0",""
"/nl/privacy/","Privacybeleid | Optavius","AI voice agents voor oogzorg en specialistische praktijken. Elke patiëntoproep beantwoord, elke afspraak ingepland, 24/7.","https://www.optavius.com/nl/privacy/","Privacybeleid","1279","Organization|WebSite|WebPage|Person|BreadcrumbList","0",""
"/nl/product/","Productoverzicht | Optavius","AI voice agents die elke oproep beantwoorden, afspraken inplannen en escaleren wat ertoe doet. Spraak eerst, met elk kanaal in één console.","https://www.optavius.com/nl/product/","Maak kennis met Optavius","910","Organization|WebSite|WebPage|Person|BreadcrumbList|FAQPage|Service|SoftwareApplication","0",""
"/nl/product/agents/","Agents | Optavius","Huur AI-agents voor de balie, bestelstatus, oproepen, no-show herstel en meer. Eén taak, één prijs, één dashboard.","https://www.optavius.com/nl/product/agents/","Agents","812","Organization|WebSite|WebPage|Person|BreadcrumbList|FAQPage|Service|SoftwareApplication","0",""
"/nl/product/ask-optavius/","Ask Optavius | Optavius","Koppel uw agenda, bellog en documenten en vraag alles over uw eigen praktijk. 90 dagen gratis, inbegrepen bij elke actieve agent.","https://www.optavius.com/nl/product/ask-optavius/","Ask Optavius","608","Organization|WebSite|WebPage|Person|BreadcrumbList|FAQPage|Service|SoftwareApplication","0",""
"/nl/product/console/","Console | Optavius","De Optavius-console: het ochtendoverzicht, wat u nodig heeft, elke oproep en afspraak, en een opdrachtbalk die gewone taal begrijpt.","https://www.optavius.com/nl/product/console/","Console","719","Organization|WebSite|WebPage|Person|BreadcrumbList|FAQPage|Service|SoftwareApplication","0",""
"/nl/product/integrations/","Koppelingen | Optavius","Optavius werkt met uw telefooncentrale, agenda, praktijksysteem en EPD. Begin standalone, koppel wanneer u er klaar voor bent.","https://www.optavius.com/nl/product/integrations/","Koppelingen","661","Organization|WebSite|WebPage|Person|BreadcrumbList|FAQPage|Service|SoftwareApplication","0",""
"/nl/resources/","Kennisbank | Optavius","Gidsen, vergelijkingen en klantverhalen over AI voice agents voor specialistische zorg.","https://www.optavius.com/nl/resources/","Kennisbank","607","Organization|WebSite|WebPage|Person|BreadcrumbList","0",""
"/nl/resources/ai-ophthalmology-guide/","AI in de oogheelkunde: een complete gids (2026) | Optavius","Complete gids over kunstmatige intelligentie in de oogheelkunde. Behandelt AI-toepassingen in patiëntcommunicatie, chirurgische planning, diagnostiek en praktijkmanagement voor de oogzorg.","https://www.optavius.com/nl/resources/ai-ophthalmology-guide/","AI in de oogheelkunde: een complete gids (2026)","745","Organization|WebSite|WebPage|Person|BreadcrumbList|Article","0",""
"/nl/resources/ai-optometry-guide/","AI in de optometrie: een complete gids (2026) | Optavius","Complete gids over kunstmatige intelligentie in de optometrie. Ontdek hoe AI patiëntcommunicatie, planning, intake en praktijkmanagement voor optometriepraktijken verandert.","https://www.optavius.com/nl/resources/ai-optometry-guide/","AI in de optometrie: een complete gids (2026)","770","Organization|WebSite|WebPage|Person|BreadcrumbList|Article","0",""
"/nl/resources/ai-receptionist-optometry/","Wat is een AI-receptionist voor optometrie? | Optavius","Een AI-receptionist voor optometrie is een virtuele baliemedewerker die patiëntgesprekken, planning en vragen afhandelt met kunstmatige intelligentie. Ontdek hoe het werkt voor oogzorgpraktijken.","https://www.optavius.com/nl/resources/ai-receptionist-optometry/","Wat is een AI-receptionist voor optometrie?","710","Organization|WebSite|WebPage|Person|BreadcrumbList|Article","0",""
"/nl/resources/ai-voice-agent-eye-care/","Wat is een AI voice agent voor de oogzorg? | Optavius","Een AI voice agent voor de oogzorg is een geautomatiseerd telefoonsysteem dat natuurlijke taalverwerking gebruikt om patiëntgesprekken bij optometrie- en oogheelkundepraktijken af te handelen. Ontdek hoe het werkt, de kernfuncties en de voordelen.","https://www.optavius.com/nl/resources/ai-voice-agent-eye-care/","Wat is een AI voice agent voor de oogzorg?","814","Organization|WebSite|WebPage|Person|BreadcrumbList|Article","0",""
"/nl/resources/ai-voice-agent-oogkliniek/","Waarom oogklinieken in Nederland AI voice agents inzetten voor patiëntcommunicatie | Optavius","Nederlandse oogklinieken zetten AI voice agents in voor 24/7 bereikbaarheid, EPD-integratie en minder baliedruk. Ontdek hoe patiëntcommunicatie structureel verbetert.","https://www.optavius.com/nl/resources/ai-voice-agent-oogkliniek/","Waarom oogklinieken in Nederland AI voice agents inzetten voor patiëntcommunicatie","829","Organization|WebSite|WebPage|Person|BreadcrumbList|Article","0",""
"/nl/resources/ai-voice-agents-optometry-comparison/","AI voice agents voor optometrie: vergelijkingsgids 2026 | Optavius","Vergelijk AI voice agents voor optometriepraktijken in 2026. Een analyse naast elkaar van Optavius, generieke AI, telefoonservices en andere oplossingen voor oogklinieken.","https://www.optavius.com/nl/resources/ai-voice-agents-optometry-comparison/","AI voice agents voor optometrie: vergelijkingsgids 2026","700","Organization|WebSite|WebPage|Person|BreadcrumbList|Article","0",""
"/nl/resources/automated-patient-intake-optometry/","Wat is geautomatiseerde patiëntintake voor optometrie? | Optavius","Geautomatiseerde patiëntintake voor optometrie vervangt handmatig papierwerk door AI, conversationele gegevensverzameling. Ontdek hoe het werkt, wat de voordelen zijn en hoe u de juiste oplossing kiest.","https://www.optavius.com/nl/resources/automated-patient-intake-optometry/","Wat is geautomatiseerde patiëntintake voor optometrie?","681","Organization|WebSite|WebPage|Person|BreadcrumbList|Article","0",""
"/nl/resources/best-ai-tools-eye-clinics/","De beste AI-tools voor oogklinieken 2026 | Optavius","Complete gids voor de beste AI-tools voor oogklinieken in 2026. Vergelijk AI voice agents, planningstools, intake-automatisering en praktijkmanagement-AI voor optometrie en oogheelkunde.","https://www.optavius.com/nl/resources/best-ai-tools-eye-clinics/","De beste AI-tools voor oogklinieken 2026","706","Organization|WebSite|WebPage|Person|BreadcrumbList|Article","0",""
"/nl/resources/clinical-triage-best-practices/","Best practices voor klinische triage bij groepen met meerdere locaties | Optavius","Hoe u telefonische triage standaardiseert over meerdere oogzorglocaties, met behoud van lokale flexibiliteit, klinisch eigenaarschap en een volledige audittrail.","https://www.optavius.com/nl/resources/clinical-triage-best-practices/","Best practices voor klinische triage bij groepen met meerdere locaties","471","Organization|WebSite|WebPage|Person|BreadcrumbList|Article","0",""
"/nl/resources/future-of-patient-intake/","De toekomst van patiëntintake in de oogzorg | Optavius","Hoe AI automatisering de voorkant van de oogzorg verandert, van het eerste telefoontje tot het moment dat de patiënt in de onderzoeksstoel zit.","https://www.optavius.com/nl/resources/future-of-patient-intake/","De toekomst van patiëntintake in de oogzorg","479","Organization|WebSite|WebPage|Person|BreadcrumbList|Article","0",""
"/nl/resources/omc-amstelland/","OMC Amstelland: van 30% gemiste oproepen naar nul in de eerste maand | Optavius","Hoe een oogkliniek met twee locaties bij Amsterdam Optavius op het bestaande telefoonnummer zette en geen patiënten meer verloor aan de voicemail. Resultaten van 8.420 inkomende oproepen in mei en juni 2026.","https://www.optavius.com/nl/resources/omc-amstelland/","OMC Amstelland: van 30% gemiste oproepen naar nul in de eerste maand","504","Organization|WebSite|WebPage|Person|BreadcrumbList|Article","0",""
"/nl/resources/optavius-vs-answering-services/","Optavius vs. telefoonservices voor oogklinieken | Optavius","Vergelijk de AI voice agent van Optavius met traditionele telefoonservices voor optometrie- en oogheelkundepraktijken. Zie welke oplossing patiëntgesprekken, inplannen en triage beter afhandelt.","https://www.optavius.com/nl/resources/optavius-vs-answering-services/","Optavius vs. telefoonservices voor oogklinieken","779","Organization|WebSite|WebPage|Person|BreadcrumbList|Article","0",""
"/nl/resources/optavius-vs-emitrr/","Optavius vs. Emitrr voor oogklinieken | Optavius","Vergelijk Optavius en Emitrr voor optometrie- en oogheelkundepraktijken. Zie hoe een speciaal voor de oogzorg gebouwde AI voice agent zich verhoudt tot een algemeen communicatieplatform voor de zorg.","https://www.optavius.com/nl/resources/optavius-vs-emitrr/","Optavius vs. Emitrr voor oogklinieken","650","Organization|WebSite|WebPage|Person|BreadcrumbList|Article","0",""
"/nl/resources/optavius-vs-generic-ai/","Optavius vs. generieke AI voice agents voor de oogzorg | Optavius","Vergelijk de oogzorgspecifieke AI voice agent van Optavius met generieke AI-oplossingen. Ontdek waarom optometrie- en oogheelkundepraktijken gespecialiseerde klinische AI nodig hebben voor patiëntgesprekken.","https://www.optavius.com/nl/resources/optavius-vs-generic-ai/","Optavius vs. generieke AI voice agents voor de oogzorg","722","Organization|WebSite|WebPage|Person|BreadcrumbList|Article","0",""
"/nl/resources/optavius-vs-healow-genie/","Optavius vs. healow Genie voor de oogzorg | Optavius","Vergelijk Optavius en healow Genie voor optometrie- en oogheelkundepraktijken. Zie hoe een AI voice agent speciaal voor de oogzorg zich verhoudt tot de virtuele assistent van eClinicalWorks.","https://www.optavius.com/nl/resources/optavius-vs-healow-genie/","Optavius vs. healow Genie voor de oogzorg","682","Organization|WebSite|WebPage|Person|BreadcrumbList|Article","0",""
"/nl/resources/reducing-call-burden/","Telefoondruk verlagen zonder in te leveren op kwaliteit | Optavius","Strategieën voor optiekketens en oogzorggroepen met meerdere locaties om groeiende belvolumes op te vangen zonder extra personeel of een lagere standaard van patiëntcontact.","https://www.optavius.com/nl/resources/reducing-call-burden/","Telefoondruk verlagen zonder in te leveren op kwaliteit","437","Organization|WebSite|WebPage|Person|BreadcrumbList|Article","0",""
"/nl/safety-compliance/","Veiligheid en compliance | Optavius","Optavius is gebouwd voor verantwoording in de zorg: volledige audittrails, escalatieprotocollen, HIPAA-, SOC 1- en AVG-conforme gegevensverwerking en klinische governance by design.","https://www.optavius.com/nl/safety-compliance/","Veiligheid en compliance","486","Organization|WebSite|WebPage|Person|BreadcrumbList","0",""
"/nl/specialties/","Specialismen | Optavius","AI voice agents voor oogheelkunde, optometrie, dermatologie en dierenklinieken.","https://www.optavius.com/nl/specialties/","Uw voice agent voor specialistische zorg.","110","Organization|WebSite|WebPage|Person|BreadcrumbList","0",""
"/nl/specialties/dermatology/","Dermatologie | Optavius","AI voice agents voor dermatologiepraktijken. Beantwoord elke oproep, plan consulten en controles en routeer urgente huidklachten volgens protocol.","https://www.optavius.com/nl/specialties/dermatology/","Dermatologie","786","Organization|WebSite|WebPage|Person|BreadcrumbList|FAQPage","0",""
"/nl/specialties/ophthalmology/","Oogheelkunde | Optavius","AI voice agents voor oogheelkundige praktijken. Beantwoord elke oproep, plan het juiste consult en escaleer alarmsymptomen volgens protocol.","https://www.optavius.com/nl/specialties/ophthalmology/","Oogheelkunde","832","Organization|WebSite|WebPage|Person|BreadcrumbList|FAQPage","0",""
"/nl/specialties/optometry/","Optometrie | Optavius","AI voice agents voor optometristen en opticiens. Plan oogmetingen, beantwoord de status van bestellingen en bestel contactlenzen na via de telefoon.","https://www.optavius.com/nl/specialties/optometry/","Optometrie","793","Organization|WebSite|WebPage|Person|BreadcrumbList|FAQPage","0",""
"/nl/specialties/veterinary/","Diergeneeskunde | Optavius","AI voice agents voor dierenklinieken. Beantwoord elke oproep, plan consulten en vaccinaties en routeer spoedgevallen naar uw team.","https://www.optavius.com/nl/specialties/veterinary/","Diergeneeskunde","756","Organization|WebSite|WebPage|Person|BreadcrumbList|FAQPage","0",""
"/nl/terms/","Algemene voorwaarden | Optavius","AI voice agents voor oogzorg en specialistische praktijken. Elke patiëntoproep beantwoord, elke afspraak ingepland, 24/7.","https://www.optavius.com/nl/terms/","Algemene voorwaarden","1712","Organization|WebSite|WebPage|Person|BreadcrumbList","0",""
"/pricing/","Pricing | Optavius","Outcome-based pricing for AI voice agents. Starting from $299 per month. If Optavius delivers no results, you pay nothing.","https://www.optavius.com/pricing/","Pricing that follows results","399","Organization|WebSite|WebPage|Person|BreadcrumbList|FAQPage|Service|SoftwareApplication","0",""
"/privacy/","Privacy Policy | Optavius","AI voice agents for eye care and specialty practices. Every patient call answered, every appointment booked, 24/7.","https://www.optavius.com/privacy/","Privacy Policy","1419","Organization|WebSite|WebPage|Person|BreadcrumbList","0",""
"/product/","Product overview | Optavius","AI voice agents that answer every call, book appointments and escalate what matters. Voice first, with every channel in one console.","https://www.optavius.com/product/","Meet Optavius","934","Organization|WebSite|WebPage|Person|BreadcrumbList|FAQPage|Service|SoftwareApplication","0",""
"/product/agents/","Agents | Optavius","Hire AI agents for the front desk, order status, recall, no-show recovery and more. One job, one price, one dashboard.","https://www.optavius.com/product/agents/","Agents","794","Organization|WebSite|WebPage|Person|BreadcrumbList|FAQPage|Service|SoftwareApplication","0",""
"/product/ask-optavius/","Ask Optavius | Optavius","Connect your calendar, call log and documents, then ask anything about your own practice. Free for 90 days, included with every live agent.","https://www.optavius.com/product/ask-optavius/","Ask Optavius","626","Organization|WebSite|WebPage|Person|BreadcrumbList|FAQPage|Service|SoftwareApplication","0",""
"/product/console/","Console | Optavius","The Optavius console: the morning brief, what needs you, every call and booking, and a command bar that understands plain language.","https://www.optavius.com/product/console/","Console","729","Organization|WebSite|WebPage|Person|BreadcrumbList|FAQPage|Service|SoftwareApplication","0",""
"/product/integrations/","Integrations | Optavius","Optavius works with your phone system, calendar, practice management system and EHR. Start standalone, connect when ready.","https://www.optavius.com/product/integrations/","Integrations","683","Organization|WebSite|WebPage|Person|BreadcrumbList|FAQPage|Service|SoftwareApplication","0",""
"/resources/","Resources | Optavius","Guides, comparisons and customer stories on AI voice agents for specialty care.","https://www.optavius.com/resources/","Resources","642","Organization|WebSite|WebPage|Person|BreadcrumbList","0",""
"/resources/ai-ophthalmology-guide/","AI in Ophthalmology: A Complete Guide (2026) | Optavius","complete guide to artificial intelligence in ophthalmology. Covers AI applications in patient communication, surgical planning, diagnostics, and practice management for eye care.","https://www.optavius.com/resources/ai-ophthalmology-guide/","AI in Ophthalmology: A Complete Guide (2026)","724","Organization|WebSite|WebPage|Person|BreadcrumbList|Article","0",""
"/resources/ai-optometry-guide/","AI in Optometry: A Complete Guide (2026) | Optavius","complete guide to artificial intelligence in optometry. Learn how AI changes patient communication, scheduling, intake, and practice management for optometry practices.","https://www.optavius.com/resources/ai-optometry-guide/","AI in Optometry: A Complete Guide (2026)","762","Organization|WebSite|WebPage|Person|BreadcrumbList|Article","0",""
"/resources/ai-receptionist-optometry/","What Is an AI Receptionist for Optometry? | Optavius","An AI receptionist for optometry is a virtual front-desk assistant that handles patient calls, scheduling, and inquiries using artificial intelligence. Learn how it works for eye care practices.","https://www.optavius.com/resources/ai-receptionist-optometry/","What Is an AI Receptionist for Optometry?","738","Organization|WebSite|WebPage|Person|BreadcrumbList|Article","0",""
"/resources/ai-voice-agent-eye-care/","What Is an AI Voice Agent for Eye Care? | Optavius","An AI voice agent for eye care is an automated phone system that uses natural language processing to handle patient calls at optometry and ophthalmology practices. Learn how it works, key features, and benefits.","https://www.optavius.com/resources/ai-voice-agent-eye-care/","What Is an AI Voice Agent for Eye Care?","825","Organization|WebSite|WebPage|Person|BreadcrumbList|Article","0",""
"/resources/ai-voice-agent-oogkliniek/","Why Dutch eye clinics are adopting AI voice agents for patient communication | Optavius","Dutch eye clinics are adopting AI voice agents for 24/7 availability, EHR integration and less pressure on the front desk. Discover how patient communication improves structurally.","https://www.optavius.com/resources/ai-voice-agent-oogkliniek/","Why Dutch eye clinics are adopting AI voice agents for patient communication","874","Organization|WebSite|WebPage|Person|BreadcrumbList|Article","0",""
"/resources/ai-voice-agents-optometry-comparison/","AI Voice Agents for Optometry: 2026 Comparison Guide | Optavius","Compare AI voice agents for optometry practices in 2026. Side-by-side analysis of Optavius, generic AI, answering services, and other solutions for eye care clinics.","https://www.optavius.com/resources/ai-voice-agents-optometry-comparison/","AI Voice Agents for Optometry: 2026 Comparison Guide","721","Organization|WebSite|WebPage|Person|BreadcrumbList|Article","0",""
"/resources/automated-patient-intake-optometry/","What Is Automated Patient Intake for Optometry? | Optavius","Automated patient intake for optometry replaces manual paperwork with AI conversational data collection. Learn how it works, benefits, and how to choose the right solution.","https://www.optavius.com/resources/automated-patient-intake-optometry/","What Is Automated Patient Intake for Optometry?","711","Organization|WebSite|WebPage|Person|BreadcrumbList|Article","0",""
"/resources/best-ai-tools-eye-clinics/","Best AI Tools for Eye Clinics 2026 | Optavius","complete guide to the best AI tools for eye clinics in 2026. Compare AI voice agents, scheduling tools, intake automation, and practice management AI for optometry and ophthalmology.","https://www.optavius.com/resources/best-ai-tools-eye-clinics/","Best AI Tools for Eye Clinics 2026","734","Organization|WebSite|WebPage|Person|BreadcrumbList|Article","0",""
"/resources/clinical-triage-best-practices/","Clinical triage best practices for multi-site groups | Optavius","How to standardise phone triage across several eye care locations while keeping local flexibility, clinical ownership and a complete audit trail.","https://www.optavius.com/resources/clinical-triage-best-practices/","Clinical triage best practices for multi-site groups","462","Organization|WebSite|WebPage|Person|BreadcrumbList|Article","0",""
"/resources/future-of-patient-intake/","The future of patient intake in vision care | Optavius","How AI automation is transforming the front end of eye care delivery, from the first phone call to the moment the patient sits in the exam chair.","https://www.optavius.com/resources/future-of-patient-intake/","The future of patient intake in vision care","472","Organization|WebSite|WebPage|Person|BreadcrumbList|Article","0",""
"/resources/omc-amstelland/","OMC Amstelland: from 30% missed calls to none in the first month | Optavius","How a two-location eye clinic near Amsterdam put Optavius on its existing phone number and stopped losing patients to voicemail. Results from 8,420 incoming calls in May and June 2026.","https://www.optavius.com/resources/omc-amstelland/","OMC Amstelland: from 30% missed calls to none in the first month","489","Organization|WebSite|WebPage|Person|BreadcrumbList|Article","0",""
"/resources/optavius-vs-answering-services/","Optavius vs. Answering Services for Eye Clinics | Optavius","Compare Optavius&#x27;s AI voice agent with traditional answering services for optometry and ophthalmology practices. See which solution better handles patient calls, booking, and triage.","https://www.optavius.com/resources/optavius-vs-answering-services/","Optavius vs. Answering Services for Eye Clinics","775","Organization|WebSite|WebPage|Person|BreadcrumbList|Article","0",""
"/resources/optavius-vs-emitrr/","Optavius vs. Emitrr for Eye Clinics | Optavius","Compare Optavius and Emitrr for optometry and ophthalmology practices. See how a purpose-built eye care AI voice agent compares to a general healthcare communication platform.","https://www.optavius.com/resources/optavius-vs-emitrr/","Optavius vs. Emitrr for Eye Clinics","682","Organization|WebSite|WebPage|Person|BreadcrumbList|Article","0",""
"/resources/optavius-vs-generic-ai/","Optavius vs. Generic AI Voice Agents for Eye Care | Optavius","Compare Optavius&#x27;s eye care-specific AI voice agent with generic AI solutions. Learn why optometry and ophthalmology practices need specialized clinical AI for patient calls.","https://www.optavius.com/resources/optavius-vs-generic-ai/","Optavius vs. Generic AI Voice Agents for Eye Care","751","Organization|WebSite|WebPage|Person|BreadcrumbList|Article","0",""
"/resources/optavius-vs-healow-genie/","Optavius vs. healow Genie for Eye Care | Optavius","Compare Optavius and healow Genie for optometry and ophthalmology practices. See how a dedicated eye care AI voice agent compares to eClinicalWorks&#x27; virtual assistant.","https://www.optavius.com/resources/optavius-vs-healow-genie/","Optavius vs. healow Genie for Eye Care","694","Organization|WebSite|WebPage|Person|BreadcrumbList|Article","0",""
"/resources/reducing-call-burden/","Reducing call burden without sacrificing quality | Optavius","Strategies for optical chains and multi-location eye care groups to handle growing call volumes without adding headcount or lowering the standard of patient contact.","https://www.optavius.com/resources/reducing-call-burden/","Reducing call burden without sacrificing quality","420","Organization|WebSite|WebPage|Person|BreadcrumbList|Article","0",""
"/safety-compliance/","Safety and Compliance | Optavius","Optavius is built for healthcare accountability: full audit trails, escalation protocols, HIPAA, SOC 1 and GDPR compliant data handling, and clinical governance by design.","https://www.optavius.com/safety-compliance/","Safety and Compliance","511","Organization|WebSite|WebPage|Person|BreadcrumbList","0",""
"/specialties/","Specialties | Optavius","AI voice agents for ophthalmology, optometry, dermatology and veterinary practices.","https://www.optavius.com/specialties/","Your voice agent for specialty care.","121","Organization|WebSite|WebPage|Person|BreadcrumbList","0",""
"/specialties/dermatology/","Dermatology | Optavius","AI voice agents for dermatology practices. Answer every call, book consultations and follow-ups and route urgent skin concerns by protocol.","https://www.optavius.com/specialties/dermatology/","Dermatology","781","Organization|WebSite|WebPage|Person|BreadcrumbList|FAQPage","0",""
"/specialties/ophthalmology/","Ophthalmology | Optavius","AI voice agents for ophthalmology practices. Answer every call, book the right visit and escalate red-flag symptoms by protocol.","https://www.optavius.com/specialties/ophthalmology/","Ophthalmology","866","Organization|WebSite|WebPage|Person|BreadcrumbList|FAQPage","0",""
"/specialties/optometry/","Optometry | Optavius","AI voice agents for optometry practices and optical stores. Book exams, answer order status and reorder contact lenses by phone.","https://www.optavius.com/specialties/optometry/","Optometry","806","Organization|WebSite|WebPage|Person|BreadcrumbList|FAQPage","0",""
"/specialties/veterinary/","Veterinary | Optavius","AI voice agents for veterinary clinics. Answer every call, book consultations and vaccinations and route emergencies to your team.","https://www.optavius.com/specialties/veterinary/","Veterinary","776","Organization|WebSite|WebPage|Person|BreadcrumbList|FAQPage","0",""
"/terms/","Terms and Conditions | Optavius","AI voice agents for eye care and specialty practices. Every patient call answered, every appointment booked, 24/7.","https://www.optavius.com/terms/","Terms and Conditions","1719","Organization|WebSite|WebPage|Person|BreadcrumbList","0",""
